{
  "feat_names": [
    "cost",
    "ivt",
    "ovt",
    "freq",
    "urban_x_ovt",
    "gen_time",
    "income_train",
    "urban_train",
    "income_car",
    "urban_car",
    "income_bus",
    "urban_bus",
    "income_air",
    "urban_air"
  ],
  "mu": [
    75.02351379394531,
    184.468017578125,
    66.1208267211914,
    9.485966682434082,
    57.97690200805664,
    806.1647338867188,
    14.870525360107422,
    0.23907242715358734,
    14.978006362915039,
    0.23925647139549255,
    11.434158325195312,
    0.20115947723388672,
    12.721726417541504,
    0.22342872619628906
  ],
  "sd": [
    53.264503479003906,
    124.42321014404297,
    46.080772399902344,
    12.065092086791992,
    66.10939025878906,
    561.37060546875,
    25.77477264404297,
    0.5437422394752502,
    25.84040069580078,
    0.5438305139541626,
    23.524118423461914,
    0.5092559456825256,
    24.512104034423828,
    0.535954475402832
  ]
}