split,nll,accuracy,pred_share_train,actual_share_train,pred_share_car,actual_share_car,pred_share_bus,actual_share_bus,pred_share_air,actual_share_air
TRAIN,0.6192798614501953,0.7600793242454529,0.14367268979549408,0.1440846001321877,0.5124133825302124,0.5118968935888962,0.0038805282674729824,0.0036351619299405157,0.3400333821773529,0.34038334434897555
VAL,0.6295251846313477,0.7611710429191589,0.1508551985025406,0.14329738058551617,0.4934719204902649,0.5115562403697997,0.004742372781038284,0.004622496147919877,0.35093051195144653,0.3405238828967643
TEST,0.596714973449707,0.7673343420028687,0.14096038043498993,0.1448382126348228,0.5020113587379456,0.5115562403697997,0.003794480813667178,0.0030816640986132513,0.35323381423950195,0.3405238828967643
